{
  "src/sap/coe/capacity/reuselib/controls/ResourcePlanningCalendar/fragment/persCalendarResourcesView.fragment.xml": 1705480504794,
  "src/sap/coe/capacity/reuselib/i18n.properties": 1706178171953,
  "src/sap/coe/capacity/reuselib/utils/TokenHelper.js": 1705480504798,
  "src/sap/coe/capacity/reuselib/controls/ResourcePlanningCalendar/fragment/HandleTimeAllocation.fragment.controller.js": 1705480504794,
  "src/sap/coe/capacity/reuselib/controls/ResourcePlanningCalendar/fragment/EditServiceOrder.fragment.controller.js": 1705480504794,
  "src/sap/coe/capacity/reuselib/controls/ResourcePlanningCalendar/fragment/ColleagueDetailPopover.fragment.controller.js": 1705480504794,
  "src/sap/coe/capacity/reuselib/utils/baseclasses/Helpers.js": 1705480504798,
  "src/sap/coe/capacity/reuselib/utils/baseclasses/Formatter.js": 1705480504798,
  "src/sap/coe/capacity/reuselib/controls/TimeZoneSelect/TimeZoneSettings.js": 1705480504798,
  "src/sap/coe/capacity/reuselib/controls/ServiceTeamSelect/ServiceTeamSelectComponent.js": 1705480504794,
  "src/sap/coe/capacity/reuselib/controls/ResourcePlanningCalendar/ResourcePlanningCalendarComponent.js": 1707472790962,
  "src/sap/coe/capacity/reuselib/controls/QualificationSelectTest/QualificationSelectComponent.js": 1705480504794,
  "src/sap/coe/capacity/reuselib/controls/QualificationSelect/QualificationSelectComponent.js": 1705480504794,
  "src/sap/coe/capacity/reuselib/controls/OrgUnitSelect/OrgUnitSelectComponent.js": 1705480504794,
  "src/sap/coe/capacity/reuselib/controls/EmployeeSingleSelect/EmployeeSearchComponent.js": 1705480504794,
  "src/sap/coe/capacity/reuselib/controls/EmployeeSelect/EmployeeSearchComponent.js": 1705480504794,
  "src/sap/coe/capacity/reuselib/controls/CustomVariantManager/CustomVariantManagerComponent.js": 1705480504794,
  "src/sap/coe/capacity/reuselib/controls/BaseControl/BaseFragmentComponent.js": 1705480504794,
  "src/sap/coe/capacity/reuselib/utils/variantManager.js": 1705480504798,
  "src/sap/coe/capacity/reuselib/utils/messages.js": 1705480504798,
  "src/sap/coe/capacity/reuselib/utils/i18n.js": 1705480504798,
  "src/sap/coe/capacity/reuselib/utils/helpers.js": 1705480504798,
  "src/sap/coe/capacity/reuselib/utils/formatter.js": 1705480504798,
  "src/sap/coe/capacity/reuselib/utils/dataManagerNew.js": 1705480504798,
  "src/sap/coe/capacity/reuselib/utils/VariantFilterHelper.js": 1705480504798,
  "src/sap/coe/capacity/reuselib/utils/TokenHelperTest.js": 1705480504798,
  "src/sap/coe/capacity/reuselib/controls/ResourcePlanningCalendar/fragment/Organisation.fragment.controller.js": 1705480504794,
  "src/sap/coe/capacity/reuselib/utils/P13nHelper.js": 1705480504798,
  "src/sap/coe/capacity/reuselib/utils/ManageVariant.js": 1705480504798,
  "src/sap/coe/capacity/reuselib/utils/FormatterBkUp.js": 1705480504798,
  "src/sap/coe/capacity/reuselib/utils/ErrorCodeHelper.js": 1705480504798,
  "src/sap/coe/capacity/reuselib/utils/DataManager.js": 1705480504798,
  "src/sap/coe/capacity/reuselib/utils/CalendarHelper.js": 1705480504798,
  "src/sap/coe/capacity/reuselib/model/utilsModel.json": 1705480504798,
  "src/sap/coe/capacity/reuselib/model/TimeZoneModel.json": 1705480504798,
  "src/sap/coe/capacity/reuselib/fragment/ProductSearch.fragment.controller.js": 1705480504798,
  "src/sap/coe/capacity/reuselib/fragment/Organisation.fragment.controller.js": 1705480504798,
  "src/sap/coe/capacity/reuselib/fragment/NoAuthorizationDialog.js": 1705480504798,
  "src/sap/coe/capacity/reuselib/manifest.json": 1716561737766,
  "src/sap/coe/capacity/reuselib/library.js": 1705480504798,
  "util/i18n.js": 1705480504798,
  "util/helpers.js": 1705480504798,
  "util/formatter.js": 1705480504798,
  "src/version.json": 1705480504798,
  "model/utilsModel.json": 1705480504794,
  "model/models.js": 1705480504794,
  "fragment/TableP13nDialog.fragment.controller.js": 1705480504790,
  "fragment/SortTable.fragment.controller.js": 1707380267019,
  "fragment/SelectServiceOrder.fragment.controller.js": 1705480504790,
  "fragment/DateRangeSettings.fragment.controller.js": 1705480504790,
  "fragment/AssignmentsWarningHelper.fragment.controller.js": 1705480504790,
  "fragment/AssignWorklistDemand.fragment.controller.js": 1713349703337,
  "fragment/AssignServiceOrder.fragment.controller.js": 1705480504790,
  "fragment/ActionSheet.fragment.controller.js": 1705480504790,
  "controller/Worklist.controller.js": 1707470460677,
  "controller/PlanningCalendar.controller.js": 1707390605399,
  "controller/Detail.controller.js": 1707376846156,
  "controller/App.controller.js": 1707472827305,
  "component/ServiceDemandFilterBar.js": 1705480504786,
  "manifest.json": 1716561737765,
  "Component.js": 1709533823952,
  "src/sap/coe/capacity/reuselib/utils/ErrorCodeHelper-dbg.js": 1705480504798,
  "src/sap/coe/capacity/reuselib/utils/ErrorCodeHelper.js.map": 1716561737805,
  "src/sap/coe/capacity/reuselib/controls/ResourcePlanningCalendar/fragment/HandleTimeAllocation.fragment-dbg.controller.js": 1705480504794,
  "src/sap/coe/capacity/reuselib/controls/ResourcePlanningCalendar/fragment/HandleTimeAllocation.fragment.controller.js.map": 1716561738007,
  "src/sap/coe/capacity/reuselib/controls/ResourcePlanningCalendar/fragment/EditServiceOrder.fragment-dbg.controller.js": 1705480504794,
  "src/sap/coe/capacity/reuselib/controls/ResourcePlanningCalendar/fragment/EditServiceOrder.fragment.controller.js.map": 1716561737803,
  "src/sap/coe/capacity/reuselib/controls/ResourcePlanningCalendar/fragment/ColleagueDetailPopover.fragment-dbg.controller.js": 1705480504794,
  "src/sap/coe/capacity/reuselib/controls/ResourcePlanningCalendar/fragment/ColleagueDetailPopover.fragment.controller.js.map": 1716561737802,
  "src/sap/coe/capacity/reuselib/utils/baseclasses/Helpers-dbg.js": 1705480504798,
  "src/sap/coe/capacity/reuselib/utils/baseclasses/Helpers.js.map": 1716561737818,
  "src/sap/coe/capacity/reuselib/utils/baseclasses/Formatter-dbg.js": 1705480504798,
  "src/sap/coe/capacity/reuselib/utils/baseclasses/Formatter.js.map": 1716561737817,
  "src/sap/coe/capacity/reuselib/controls/TimeZoneSelect/TimeZoneSettings-dbg.js": 1705480504798,
  "src/sap/coe/capacity/reuselib/controls/TimeZoneSelect/TimeZoneSettings.js.map": 1716561737809,
  "src/sap/coe/capacity/reuselib/controls/ServiceTeamSelect/ServiceTeamSelectComponent-dbg.js": 1705480504794,
  "src/sap/coe/capacity/reuselib/controls/ServiceTeamSelect/ServiceTeamSelectComponent.js.map": 1716561737825,
  "src/sap/coe/capacity/reuselib/controls/ResourcePlanningCalendar/ResourcePlanningCalendarComponent-dbg.js": 1707472790962,
  "src/sap/coe/capacity/reuselib/controls/ResourcePlanningCalendar/ResourcePlanningCalendarComponent.js.map": 1716561738029,
  "src/sap/coe/capacity/reuselib/controls/QualificationSelectTest/QualificationSelectComponent-dbg.js": 1705480504794,
  "src/sap/coe/capacity/reuselib/controls/QualificationSelectTest/QualificationSelectComponent.js.map": 1716561737903,
  "src/sap/coe/capacity/reuselib/controls/QualificationSelect/QualificationSelectComponent-dbg.js": 1705480504794,
  "src/sap/coe/capacity/reuselib/controls/QualificationSelect/QualificationSelectComponent.js.map": 1716561737909,
  "src/sap/coe/capacity/reuselib/controls/OrgUnitSelect/OrgUnitSelectComponent-dbg.js": 1705480504794,
  "src/sap/coe/capacity/reuselib/controls/OrgUnitSelect/OrgUnitSelectComponent.js.map": 1716561737912,
  "src/sap/coe/capacity/reuselib/controls/EmployeeSingleSelect/EmployeeSearchComponent-dbg.js": 1705480504794,
  "src/sap/coe/capacity/reuselib/controls/EmployeeSingleSelect/EmployeeSearchComponent.js.map": 1716561737918,
  "src/sap/coe/capacity/reuselib/controls/EmployeeSelect/EmployeeSearchComponent-dbg.js": 1705480504794,
  "src/sap/coe/capacity/reuselib/controls/EmployeeSelect/EmployeeSearchComponent.js.map": 1716561737924,
  "src/sap/coe/capacity/reuselib/controls/CustomVariantManager/CustomVariantManagerComponent-dbg.js": 1705480504794,
  "src/sap/coe/capacity/reuselib/controls/CustomVariantManager/CustomVariantManagerComponent.js.map": 1716561738024,
  "src/sap/coe/capacity/reuselib/controls/BaseControl/BaseFragmentComponent-dbg.js": 1705480504794,
  "src/sap/coe/capacity/reuselib/controls/BaseControl/BaseFragmentComponent.js.map": 1716561737937,
  "src/sap/coe/capacity/reuselib/utils/variantManager-dbg.js": 1705480504798,
  "src/sap/coe/capacity/reuselib/utils/variantManager.js.map": 1716561738020,
  "src/sap/coe/capacity/reuselib/utils/messages-dbg.js": 1705480504798,
  "src/sap/coe/capacity/reuselib/utils/messages.js.map": 1716561738014,
  "src/sap/coe/capacity/reuselib/utils/i18n-dbg.js": 1705480504798,
  "src/sap/coe/capacity/reuselib/utils/i18n.js.map": 1716561738016,
  "src/sap/coe/capacity/reuselib/utils/helpers-dbg.js": 1705480504798,
  "src/sap/coe/capacity/reuselib/utils/helpers.js.map": 1716561738017,
  "src/sap/coe/capacity/reuselib/utils/formatter-dbg.js": 1705480504798,
  "src/sap/coe/capacity/reuselib/utils/formatter.js.map": 1716561738104,
  "src/sap/coe/capacity/reuselib/utils/dataManagerNew-dbg.js": 1705480504798,
  "src/sap/coe/capacity/reuselib/utils/dataManagerNew.js.map": 1716561738025,
  "src/sap/coe/capacity/reuselib/utils/VariantFilterHelper-dbg.js": 1705480504798,
  "src/sap/coe/capacity/reuselib/utils/VariantFilterHelper.js.map": 1716561738037,
  "src/sap/coe/capacity/reuselib/utils/TokenHelperTest-dbg.js": 1705480504798,
  "src/sap/coe/capacity/reuselib/utils/TokenHelperTest.js.map": 1716561738031,
  "src/sap/coe/capacity/reuselib/controls/ResourcePlanningCalendar/fragment/Organisation.fragment-dbg.controller.js": 1705480504794,
  "src/sap/coe/capacity/reuselib/controls/ResourcePlanningCalendar/fragment/Organisation.fragment.controller.js.map": 1716561738036,
  "src/sap/coe/capacity/reuselib/utils/P13nHelper-dbg.js": 1705480504798,
  "src/sap/coe/capacity/reuselib/utils/P13nHelper.js.map": 1716561738107,
  "src/sap/coe/capacity/reuselib/utils/ManageVariant-dbg.js": 1705480504798,
  "src/sap/coe/capacity/reuselib/utils/ManageVariant.js.map": 1716561738125,
  "src/sap/coe/capacity/reuselib/utils/FormatterBkUp-dbg.js": 1705480504798,
  "src/sap/coe/capacity/reuselib/utils/FormatterBkUp.js.map": 1716561738117,
  "src/sap/coe/capacity/reuselib/utils/TokenHelper-dbg.js": 1705480504798,
  "src/sap/coe/capacity/reuselib/utils/TokenHelper.js.map": 1716561738121,
  "src/sap/coe/capacity/reuselib/utils/DataManager-dbg.js": 1705480504798,
  "src/sap/coe/capacity/reuselib/utils/DataManager.js.map": 1716561738125,
  "src/sap/coe/capacity/reuselib/utils/CalendarHelper-dbg.js": 1705480504798,
  "src/sap/coe/capacity/reuselib/utils/CalendarHelper.js.map": 1716561738124,
  "src/sap/coe/capacity/reuselib/fragment/ProductSearch.fragment-dbg.controller.js": 1705480504798,
  "src/sap/coe/capacity/reuselib/fragment/ProductSearch.fragment.controller.js.map": 1716561738131,
  "src/sap/coe/capacity/reuselib/fragment/Organisation.fragment-dbg.controller.js": 1705480504798,
  "src/sap/coe/capacity/reuselib/fragment/Organisation.fragment.controller.js.map": 1716561738128,
  "src/sap/coe/capacity/reuselib/fragment/NoAuthorizationDialog-dbg.js": 1705480504798,
  "src/sap/coe/capacity/reuselib/fragment/NoAuthorizationDialog.js.map": 1716561738127,
  "src/sap/coe/capacity/reuselib/library-dbg.js": 1705480504798,
  "src/sap/coe/capacity/reuselib/library.js.map": 1716561738127,
  "util/i18n-dbg.js": 1705480504798,
  "util/i18n.js.map": 1716561738128,
  "util/helpers-dbg.js": 1705480504798,
  "util/helpers.js.map": 1716561738131,
  "util/formatter-dbg.js": 1705480504798,
  "util/formatter.js.map": 1716561738137,
  "model/models-dbg.js": 1705480504794,
  "model/models.js.map": 1716561738130,
  "fragment/TableP13nDialog.fragment-dbg.controller.js": 1705480504790,
  "fragment/TableP13nDialog.fragment.controller.js.map": 1716561738138,
  "fragment/SortTable.fragment-dbg.controller.js": 1707380267019,
  "fragment/SortTable.fragment.controller.js.map": 1716561738202,
  "fragment/SelectServiceOrder.fragment-dbg.controller.js": 1705480504790,
  "fragment/SelectServiceOrder.fragment.controller.js.map": 1716561738205,
  "fragment/DateRangeSettings.fragment-dbg.controller.js": 1705480504790,
  "fragment/DateRangeSettings.fragment.controller.js.map": 1716561738203,
  "fragment/AssignmentsWarningHelper.fragment-dbg.controller.js": 1705480504790,
  "fragment/AssignmentsWarningHelper.fragment.controller.js.map": 1716561738212,
  "fragment/AssignWorklistDemand.fragment-dbg.controller.js": 1713349703337,
  "fragment/AssignWorklistDemand.fragment.controller.js.map": 1716561738224,
  "fragment/AssignServiceOrder.fragment-dbg.controller.js": 1705480504790,
  "fragment/AssignServiceOrder.fragment.controller.js.map": 1716561738220,
  "fragment/ActionSheet.fragment-dbg.controller.js": 1705480504790,
  "fragment/ActionSheet.fragment.controller.js.map": 1716561738211,
  "controller/Worklist-dbg.controller.js": 1707470460677,
  "controller/Worklist.controller.js.map": 1716561738338,
  "controller/PlanningCalendar-dbg.controller.js": 1707390605399,
  "controller/PlanningCalendar.controller.js.map": 1716561738230,
  "controller/Detail-dbg.controller.js": 1707376846156,
  "controller/Detail.controller.js.map": 1716561738307,
  "controller/App-dbg.controller.js": 1707472827305,
  "controller/App.controller.js.map": 1716561738226,
  "component/ServiceDemandFilterBar-dbg.js": 1705480504786,
  "component/ServiceDemandFilterBar.js.map": 1716561738306,
  "Component-dbg.js": 1709533823952,
  "Component.js.map": 1716561738303,
  "Component-preload.js": 1716561738586,
  "Component-preload.js.map": 1716561738587,
  "src/sap/coe/capacity/reuselib/controls/ResourcePlanningCalendar/fragment/sortCalendarResources.fragment.xml": 1705480504794,
  "i18n/i18n.properties": 1706871797396,
  "src/sap/coe/capacity/reuselib/controls/ResourcePlanningCalendar/fragment/colleagueDetailPopover.fragment.xml": 1705480504794,
  "src/sap/coe/capacity/reuselib/controls/ResourcePlanningCalendar/fragment/allocationDetailPopoverPress.fragment.xml": 1705480504794,
  "src/sap/coe/capacity/reuselib/controls/ResourcePlanningCalendar/fragment/TimeAllocationInfoPopover.fragment.xml": 1705480504794,
  "src/sap/coe/capacity/reuselib/controls/ResourcePlanningCalendar/fragment/Organisation.fragment.xml": 1705480504794,
  "src/sap/coe/capacity/reuselib/controls/ResourcePlanningCalendar/fragment/EditServiceOrder.fragment.xml": 1705480504794,
  "src/sap/coe/capacity/reuselib/controls/ResourcePlanningCalendar/fragment/CreateAllocation.fragment.xml": 1705480504794,
  "src/sap/coe/capacity/reuselib/controls/ResourcePlanningCalendar/fragment/ColorLegendPopover.fragment.xml": 1705480504794,
  "src/sap/coe/capacity/reuselib/controls/ResourcePlanningCalendar/fragment/CalendarFilter.fragment.xml": 1705480504794,
  "src/sap/coe/capacity/reuselib/controls/ResourcePlanningCalendar/fragment/AbsenceTalPopover.fragment.xml": 1705480504794,
  "src/sap/coe/capacity/reuselib/controls/CustomVariantManager/fragment/VariantSelectList.fragment.xml": 1705480504794,
  "src/sap/coe/capacity/reuselib/controls/CustomVariantManager/fragment/SortVariants.fragment.xml": 1705480504794,
  "src/sap/coe/capacity/reuselib/controls/CustomVariantManager/fragment/SaveAsDialog.fragment.xml": 1705480504794,
  "src/sap/coe/capacity/reuselib/controls/CustomVariantManager/fragment/ManageVariant.fragment.xml": 1705480504794,
  "src/sap/coe/capacity/reuselib/controls/TimeZoneSelect/TimeZoneSelect.fragment.xml": 1705480504794,
  "src/sap/coe/capacity/reuselib/controls/ServiceTeamSelect/ServiceTeamSelect.fragment.xml": 1705480504794,
  "src/sap/coe/capacity/reuselib/controls/ServiceTeamSelect/ServiceTeamMultiInput.fragment.xml": 1705480504794,
  "src/sap/coe/capacity/reuselib/controls/ResourcePlanningCalendar/ResourcePlanningCalendar.fragment.xml": 1706178080074,
  "src/sap/coe/capacity/reuselib/controls/QualificationSelectTest/QualificationSelectMultiInput.fragment.xml": 1705480504794,
  "src/sap/coe/capacity/reuselib/controls/QualificationSelectTest/QualificationSelect.fragment.xml": 1705480504794,
  "src/sap/coe/capacity/reuselib/controls/QualificationSelect/QualificationSelectMultiInput.fragment.xml": 1705480504794,
  "src/sap/coe/capacity/reuselib/controls/QualificationSelect/QualificationSelect.fragment.xml": 1705480504794,
  "src/sap/coe/capacity/reuselib/controls/OrgUnitSelect/OrgUnitSelectMultiInput.fragment.xml": 1705480504794,
  "src/sap/coe/capacity/reuselib/controls/OrgUnitSelect/OrgUnitSelect.fragment.xml": 1705480504794,
  "src/sap/coe/capacity/reuselib/controls/EmployeeSingleSelect/EmployeeSearchInput.fragment.xml": 1705480504794,
  "src/sap/coe/capacity/reuselib/controls/EmployeeSingleSelect/EmployeeSearch.fragment.xml": 1705480504794,
  "src/sap/coe/capacity/reuselib/controls/EmployeeSelect/EmployeeSearchMultiInput.fragment.xml": 1705480504794,
  "src/sap/coe/capacity/reuselib/controls/EmployeeSelect/EmployeeSearch.fragment.xml": 1705480504794,
  "src/sap/coe/capacity/reuselib/controls/CustomVariantManager/CustomVariantManager.fragment.xml": 1705480504794,
  "src/sap/coe/capacity/reuselib/fragment/ProductSearch.fragment.xml": 1705480504798,
  "src/sap/coe/capacity/reuselib/fragment/Organisation.fragment.xml": 1705480504798,
  "src/sap/coe/capacity/reuselib/fragment/NoAuthorizationDialog.fragment.xml": 1705480504798,
  "src/sap/coe/capacity/reuselib/.library": 1705480504794,
  "view/Worklist.view.xml": 1713261729547,
  "view/PlanningCalendar.view.xml": 1705480504802,
  "view/Detail.view.xml": 1707469071665,
  "view/App.view.xml": 1705480504798,
  "src/.Ui5RepositoryTextFiles": 1705480504794,
  "fragment/TableP13nDialog.fragment.xml": 1705480504790,
  "fragment/SortTable.fragment.xml": 1705480504790,
  "fragment/SelectServiceOrder.fragment.xml": 1705480504790,
  "fragment/DateRangeSettings.fragment.xml": 1716464238243,
  "fragment/AssignWorklistDemand.fragment.xml": 1705480504790,
  "fragment/AssignServiceOrder.fragment.xml": 1705480504790,
  "fragment/ActionSheet.fragment.xml": 1705480504790,
  "css/style.css": 1705480504790,
  "css/fullScreenStyles.css": 1705480504790,
  "component/ServiceDemandFilterBar.fragment.xml": 1705480504786,
  "test.html": 1705661913898,
  "index.html": 1713261909381
}