<mvc:View xmlns:mvc="sap.ui.core.mvc" xmlns:core="sap.ui.core" xmlns:viz="sap.viz.ui5.controls" xmlns:viz.data="sap.viz.ui5.data"
	xmlns:viz.feeds="sap.viz.ui5.controls.common.feeds" xmlns:suite="sap.suite.ui.commons" xmlns:layout="sap.ui.layoutx" xmlns:m="sap.m"
	controllerName="sapit.blocks.ChartController">
	<suite:ChartContainer id="chartContainer" showFullScreen="true" autoAdjustHeight="false">
		<suite:ChartContainerContent icon="sap-icon://line-chart" title="Line Chart">
			<suite:content>
				<viz:Popover id="popOver"></viz:Popover>
				<viz:VizFrame id="vizFrame" uiConfig="{applicationSet:'fiori'}" height='650px' width="100%"/>
			</suite:content>
		</suite:ChartContainerContent>
		<suite:dimensionSelectors>
			<m:Select id="dimensionFilter" items="{filter>/values}" change="onFilterChange">
				<core:Item text="{filter>text}" key="{filter>key}"/>
			</m:Select>
			<m:Select id="chartSelect" items="{chart>/charts}" change="onChartChange">
				<core:Item text="{chart>name}" key="{chart>name}"/>
			</m:Select>
		</suite:dimensionSelectors>
	</suite:ChartContainer>
</mvc:View>