<core:FragmentDefinition xmlns="sap.m" xmlns:core="sap.ui.core" xmlns:f="sap.ui.layout.form" xmlns:sapit="sapit.controls">
	<ResponsivePopover id="popover" busyIndicatorDelay="0" placement="Auto" class="sapUiContentPadding" title="Employee">
		<content>
			<HBox class="sapUiSmallMarginBottom" alignItems="Center">
				<sapit:EmployeeAvatar employeeId="{/id}" showProfilePicture="{/profilePictureEnabled}" fetchUserInfo="false" firstName="{/firstName}"
					lastName="{/lastName}" class="sapUiSmallMarginEnd" visible="{$this>/showAvatar}"/>
				<VBox>
					<HBox>
						<Link href="https://people.wdf.sap.corp/profiles/{/id}" text="{/firstName} {/lastName}" emphasized="true" wrapping="true" target="_blank"/>
						<Label text=", {/id}" wrapping="true"/>
					</HBox>
					<Text text="{/jobInfo/title}" visible="{= ${/jobInfo/title} !== undefined}"/>
				</VBox>
			</HBox>
			<Title text="Contact Details" titleStyle="H3" class="sapUiSmallMarginBottom sapUiSmallMarginTop" wrapping="true"/>
			<VBox class="sapUiSmallMarginBottom">
				<Label text="Email:" wrapping="true"/>
				<Link href="mailto:{/email}" text="{/email}" wrapping="true"/>
			</VBox>
			<VBox class="sapUiSmallMarginBottom" visible="{= ${/contactInfo/officePhone} !== undefined}">
				<Label text="Phone:" wrapping="true"/>
				<Link href="tel:{/contactInfo/officePhone}" text="{/contactInfo/officePhone}" wrapping="true"/>
			</VBox>
			<VBox class="sapUiSmallMarginBottom" visible="{= ${/contactInfo/mobilePhone} !== undefined}">
				<Label text="Mobile:" wrapping="true"/>
				<Link href="tel:{/contactInfo/mobilePhone}" text="{/contactInfo/mobilePhone}" wrapping="true"/>
			</VBox>
			<Title text="Address Details" titleStyle="H3" class="sapUiSmallMarginBottom sapUiSmallMarginTop" wrapping="true"/>
			<VBox class="sapUiSmallMarginBottom">
				<Text text="{/company/name} {= ${/company/id} !== undefined ? '(' + ${/company/id} + ')' : ''}" visible="{= ${/company/name} !== undefined}"/>
				<Text text="{/company/address/street}" visible="{= ${/company/address/street} !== undefined}"/>
				<Text text="{/company/address/postalCode} {/company/address/city}, {/company/address/country}"
					visible="{= ${/company/address/city} !== undefined}"/>
			</VBox>
			<VBox class="sapUiSmallMarginBottom" visible="{= ${/officeLocation/building} !== undefined}">
				<Label text="Office Location:" wrapping="true"/>
				<Text text="{/officeLocation/building}, {/officeLocation/room}"/>
			</VBox>
			<VBox visible="{= ${/department/name} !== undefined}">
				<Title text="Organizational Information" titleStyle="H3" class="sapUiSmallMarginBottom sapUiSmallMarginTop" wrapping="true"/>
				<VBox class="sapUiSmallMarginBottom">
					<Label text="Board Area:" wrapping="true"/>
					<Text text="{/department/boardArea}"/>
				</VBox>
				<VBox class="sapUiSmallMarginBottom">
					<Label text="Department Name:" wrapping="true"/>
					<Text text="{/department/name}"/>
				</VBox>
				<VBox visible="{= ${/manager/id} !== undefined}">
					<Label text="Manager:" wrapping="true"/>
					<Text text="{/manager/firstName} {/manager/lastName}, {/manager/id}"/>
				</VBox>
			</VBox>
		</content>
	</ResponsivePopover>
</core:FragmentDefinition>